category,subcategory
Active Life,Active Life
Active Life,ATV Rentals/Tours
Active Life,Airsoft
Active Life,Amateur Sports Teams
Active Life,Amusement Parks
Active Life,Aquariums
Active Life,Archery
Active Life,Axe Throwing
Active Life,Badminton
Active Life,Baseball Fields
Active Life,Basketball Courts
Active Life,Batting Cages
Active Life,Beach Equipment Rentals
Active Life,Beaches
Active Life,Bike Parking
Active Life,Bike Rentals
Active Life,Boating
Active Life,Bobsledding
Active Life,Bocce Ball
Active Life,Bowling
Active Life,Bubble Soccer
Active Life,Bungee Jumping
Active Life,Canyoneering
Active Life,Carousels
Active Life,Challenge Courses
Active Life,Climbing
Active Life,Cycling Classes
Active Life,Dart Arenas
Active Life,Day Camps
Active Life,Disc Golf
Active Life,Diving
Active Life,Free Diving
Active Life,Scuba Diving
Active Life,Escape Games
Active Life,Fencing Clubs
Active Life,Fishing
Active Life,Fitness & Instruction
Active Life,Aerial Fitness
Active Life,Barre Classes
Active Life,Boot Camps
Active Life,Boxing
Active Life,Cardio Classes
Active Life,Dance Studios
Active Life,Golf Lessons
Active Life,Gyms
Active Life,Circuit Training Gyms
Active Life,Interval Training Gyms
Active Life,Martial Arts
Active Life,Brazilian Jiu-jitsu
Active Life,Chinese Martial Arts
Active Life,Karate
Active Life,Kickboxing
Active Life,Muay Thai
Active Life,Taekwondo
Active Life,Meditation Centers
Active Life,Pilates
Active Life,Qi Gong
Active Life,Self-defense Classes
Active Life,Swimming Lessons/Schools
Active Life,Tai Chi
Active Life,Trainers
Active Life,Yoga
Active Life,Flyboarding
Active Life,Go Karts
Active Life,Golf
Active Life,Gun/Rifle Ranges
Active Life,Gymnastics
Active Life,Hang Gliding
Active Life,Hiking
Active Life,Horse Racing
Active Life,Horseback Riding
Active Life,Hot Air Balloons
Active Life,Indoor Playcentre
Active Life,Jet Skis
Active Life,Kids Activities
Active Life,Kiteboarding
Active Life,Lakes
Active Life,Laser Tag
Active Life,Mini Golf
Active Life,Mountain Biking
Active Life,Nudist
Active Life,Paddleboarding
Active Life,Paintball
Active Life,Paragliding
Active Life,Parasailing
Active Life,Parks
Active Life,Dog Parks
Active Life,Skate Parks
Active Life,Pickleball
Active Life,Playgrounds
Active Life,Races & Competitions
Active Life,Racing Experience
Active Life,Rafting/Kayaking
Active Life,Recreation Centers
Active Life,Rock Climbing
Active Life,Sailing
Active Life,Scavenger Hunts
Active Life,Scooter Rentals
Active Life,Senior Centers
Active Life,Skating Rinks
Active Life,Skydiving
Active Life,Sledding
Active Life,Snorkeling
Active Life,Soccer
Active Life,Sports Clubs
Active Life,Squash
Active Life,Summer Camps
Active Life,Surfing
Active Life,Swimming Pools
Active Life,Tennis
Active Life,Trampoline Parks
Active Life,Tubing
Active Life,Water Parks
Active Life,Wildlife Hunting Ranges
Active Life,Ziplining
Active Life,Zoos
Active Life,Petting Zoos
Active Life,Zorbing
Arts & Entertainment,Arts & Entertainment
Arts & Entertainment,Arcades
Arts & Entertainment,Art Galleries
Arts & Entertainment,Bingo Halls
Arts & Entertainment,Botanical Gardens
Arts & Entertainment,Cabaret
Arts & Entertainment,Casinos
Arts & Entertainment,Cinema
Arts & Entertainment,Drive-In Theater
Arts & Entertainment,Outdoor Movies
Arts & Entertainment,Country Clubs
Arts & Entertainment,Cultural Center
Arts & Entertainment,Eatertainment
Arts & Entertainment,Farms
Arts & Entertainment,Attraction Farms
Arts & Entertainment,Pick Your Own Farms
Arts & Entertainment,Ranches
Arts & Entertainment,Festivals
Arts & Entertainment,Haunted Houses
Arts & Entertainment,Jazz & Blues
Arts & Entertainment,LAN Centers
Arts & Entertainment,Makerspaces
Arts & Entertainment,Museums
Arts & Entertainment,Art Museums
Arts & Entertainment,Children's Museums
Arts & Entertainment,Music Venues
Arts & Entertainment,Observatories
Arts & Entertainment,Opera & Ballet
Arts & Entertainment,Paint & Sip
Arts & Entertainment,Performing Arts
Arts & Entertainment,Planetarium
Arts & Entertainment,Professional Sports Teams
Arts & Entertainment,Race Tracks
Arts & Entertainment,Rodeo
Arts & Entertainment,Social Clubs
Arts & Entertainment,Veterans Organizations
Arts & Entertainment,Sports Betting
Arts & Entertainment,Stadiums & Arenas
Arts & Entertainment,Studio Taping
Arts & Entertainment,Supernatural Readings
Arts & Entertainment,Astrologers
Arts & Entertainment,Mystics
Arts & Entertainment,Psychic Mediums
Arts & Entertainment,Psychics
Arts & Entertainment,Ticket Sales
Arts & Entertainment,Virtual Reality Centers
Arts & Entertainment,Wineries
Arts & Entertainment,Wine Tasting Room
Automotive,Automotive
Automotive,Aircraft Dealers
Automotive,Aircraft Repairs
Automotive,Auto Customization
Automotive,Auto Detailing
Automotive,Auto Glass Services
Automotive,Car Window Tinting
Automotive,Auto Loan Providers
Automotive,Auto Parts & Supplies
Automotive,Motorcycle Parts & Supplies
Automotive,Auto Repair
Automotive,DIY Auto Shop
Automotive,Auto Security
Automotive,Auto Upholstery
Automotive,Aviation Services
Automotive,Boat Dealers
Automotive,Boat Parts & Supplies
Automotive,Body Shops
Automotive,Car Auctions
Automotive,Car Brokers
Automotive,Car Buyers
Automotive,Car Dealers
Automotive,Car Inspectors
Automotive,Car Share Services
Automotive,Car Stereo Installation
Automotive,Car Wash
Automotive,Commercial Truck Dealers
Automotive,Commercial Truck Repair
Automotive,EV Charging Stations
Automotive,Fuel Docks
Automotive,Gas Stations
Automotive,Golf Cart Dealers
Automotive,Hybrid Car Repair
Automotive,Interlock Systems
Automotive,Marinas
Automotive,Mobile Dent Repair
Automotive,Mobility Equipment Sales & Services
Automotive,Motorcycle Dealers
Automotive,Motorcycle Repair
Automotive,Motorsport Vehicle Dealers
Automotive,Motorsport Vehicle Repairs
Automotive,Oil Change Stations
Automotive,Parking
Automotive,RV Dealers
Automotive,RV Repair
Automotive,Registration Services
Automotive,Roadside Assistance
Automotive,Service Stations
Automotive,Smog Check Stations
Automotive,Tires
Automotive,Towing
Automotive,Trailer Dealers
Automotive,Trailer Rental
Automotive,Trailer Repair
Automotive,Transmission Repair
Automotive,Truck Rental
Automotive,Used Car Dealers
Automotive,Vehicle Shipping
Automotive,Vehicle Wraps
Automotive,Wheel & Rim Repair
Automotive,Windshield Installation & Repair
Beauty & Spas,Beauty & Spas
Beauty & Spas,Acne Treatment
Beauty & Spas,Barbers
Beauty & Spas,Cosmetics & Beauty Supply
Beauty & Spas,Day Spas
Beauty & Spas,Eyebrow Services
Beauty & Spas,Eyelash Service
Beauty & Spas,Hair Extensions
Beauty & Spas,Hair Loss Centers
Beauty & Spas,Hair Removal
Beauty & Spas,Laser Hair Removal
Beauty & Spas,Sugaring
Beauty & Spas,Threading Services
Beauty & Spas,Waxing
Beauty & Spas,Hair Salons
Beauty & Spas,Blow Dry/Out Services
Beauty & Spas,Hair Extensions
Beauty & Spas,Hair Stylists
Beauty & Spas,Kids Hair Salons
Beauty & Spas,Men's Hair Salons
Beauty & Spas,Hot Springs
Beauty & Spas,Makeup Artists
Beauty & Spas,Massage
Beauty & Spas,Medical Spas
Beauty & Spas,Aestheticians
Beauty & Spas,Nail Salons
Beauty & Spas,Nail Technicians
Beauty & Spas,Perfume
Beauty & Spas,Permanent Makeup
Beauty & Spas,Piercing
Beauty & Spas,Skin Care
Beauty & Spas,Estheticians
Beauty & Spas,Tanning
Beauty & Spas,Spray Tanning
Beauty & Spas,Tanning Beds
Beauty & Spas,Tattoo
Beauty & Spas,Teeth Whitening
Education,Education
Education,Adult Education
Education,Art Classes
Education,Glass Blowing
Education,College Counseling
Education,Colleges & Universities
Education,Educational Services
Education,Elementary Schools
Education,Middle Schools & High Schools
Education,Montessori Schools
Education,Preschools
Education,Private Schools
Education,Private Tutors
Education,Religious Schools
Education,Special Education
Education,Specialty Schools
Education,Art Schools
Education,Bartending Schools
Education,CPR Classes
Education,Cheerleading
Education,Childbirth Education
Education,Cooking Schools
Education,Cosmetology Schools
Education,DUI Schools
Education,Dance Schools
Education,Drama Schools
Education,Driving Schools
Education,Firearm Training
Education,First Aid Classes
Education,Flight Instruction
Education,Food Safety Training
Education,Language Schools
Education,Massage Schools
Education,Nursing Schools
Education,Parenting Classes
Education,Photography Classes
Education,Pole Dancing Classes
Education,Ski Schools
Education,Speech Training
Education,Surf Schools
Education,Swimming Lessons/Schools
Education,Traffic Schools
Education,Vocational & Technical School
Education,Tasting Classes
Education,Cheese Tasting Classes
Education,Wine Tasting Classes
Education,Test Preparation
Education,Tutoring Centers
Education,Waldorf Schools
Event Planning & Services,Event Planning & Services
Event Planning & Services,Balloon Services
Event Planning & Services,Bartenders
Event Planning & Services,Boat Charters
Event Planning & Services,Cards & Stationery
Event Planning & Services,Caricatures
Event Planning & Services,Caterers
Event Planning & Services,Clowns
Event Planning & Services,DJs
Event Planning & Services,Face Painting
Event Planning & Services,Floral Designers
Event Planning & Services,Game Truck Rental
Event Planning & Services,Golf Cart Rentals
Event Planning & Services,Henna Artists
Event Planning & Services,Hotels
Event Planning & Services,Mountain Huts
Event Planning & Services,Residences
Event Planning & Services,Rest Stops
Event Planning & Services,Magicians
Event Planning & Services,Mohels
Event Planning & Services,Musicians
Event Planning & Services,Officiants
Event Planning & Services,Party & Event Planning
Event Planning & Services,Party Bike Rentals
Event Planning & Services,Party Bus Rentals
Event Planning & Services,Party Characters
Event Planning & Services,Party Equipment Rentals
Event Planning & Services,Audio/Visual Equipment Rental
Event Planning & Services,Bounce House Rentals
Event Planning & Services,Karaoke Rental
Event Planning & Services,Party Supplies
Event Planning & Services,Personal Chefs
Event Planning & Services,Photo Booth Rentals
Event Planning & Services,Photographers
Event Planning & Services,Boudoir Photography
Event Planning & Services,Event Photography
Event Planning & Services,Session Photography
Event Planning & Services,Silent Disco
Event Planning & Services,Sommelier Services
Event Planning & Services,Team Building Activities
Event Planning & Services,Trivia Hosts
Event Planning & Services,Valet Services
Event Planning & Services,Venues & Event Spaces
Event Planning & Services,Videographers
Event Planning & Services,Wedding Chapels
Event Planning & Services,Wedding Planning
Financial Services,Financial Services
Financial Services,Banks & Credit Unions
Financial Services,Business Financing
Financial Services,Check Cashing/Pay-day Loans
Financial Services,Currency Exchange
Financial Services,Debt Relief Services
Financial Services,Financial Advising
Financial Services,Installment Loans
Financial Services,Insurance
Financial Services,Auto Insurance
Financial Services,Home & Rental Insurance
Financial Services,Life Insurance
Financial Services,Investing
Financial Services,Mortgage Lenders
Financial Services,Tax Services
Financial Services,Title Loans
Food,Food
Food,Acai Bowls
Food,Bagels
Food,Bakeries
Food,Beer
Food,Wine & Spirits
Food,Beverage Store
Food,Breweries
Food,Brewpubs
Food,Bubble Tea
Food,Butcher
Food,CSA
Food,Chimney Cakes
Food,Cideries
Food,Coffee & Tea
Food,Coffee Roasteries
Food,Convenience Stores
Food,Cupcakes
Food,Custom Cakes
Food,Desserts
Food,Distilleries
Food,Do-It-Yourself Food
Food,Donuts
Food,Empanadas
Food,Farmers Market
Food,Food Delivery Services
Food,Food Trucks
Food,Gelato
Food,Grocery
Food,Honey
Food,Ice Cream & Frozen Yogurt
Food,Imported Food
Food,International Grocery
Food,Internet Cafes
Food,Juice Bars & Smoothies
Food,Kombucha
Food,Meaderies
Food,Organic Stores
Food,Patisserie/Cake Shop
Food,Piadina
Food,Poke
Food,Pretzels
Food,Shaved Ice
Food,Shaved Snow
Food,Smokehouse
Food,Specialty Food
Food,Candy Stores
Food,Cheese Shops
Food,Chocolatiers & Shops
Food,Fruits & Veggies
Food,Health Markets
Food,Herbs & Spices
Food,Macarons
Food,Meat Shops
Food,Olive Oil
Food,Pasta Shops
Food,Popcorn Shops
Food,Seafood Markets
Food,Street Vendors
Food,Tea Rooms
Food,Water Stores
Food,Wineries
Food,Wine Tasting Room
Health & Medical,Health & Medical
Health & Medical,Acupuncture
Health & Medical,Alternative Medicine
Health & Medical,Animal Assisted Therapy
Health & Medical,Assisted Living Facilities
Health & Medical,Ayurveda
Health & Medical,Behavior Analysts
Health & Medical,Blood & Plasma Donation Centers
Health & Medical,Body Contouring
Health & Medical,Cannabis Clinics
Health & Medical,Cannabis Tours
Health & Medical,Cannabis Collective
Health & Medical,Chiropractors
Health & Medical,Colonics
Health & Medical,Concierge Medicine
Health & Medical,Counseling & Mental Health
Health & Medical,Psychologists
Health & Medical,Sex Therapists
Health & Medical,Sports Psychologists
Health & Medical,Crisis Pregnancy Centers
Health & Medical,Faith-based Crisis Pregnancy Centers
Health & Medical,Cryotherapy
Health & Medical,Dental Hygienists
Health & Medical,Dentists
Health & Medical,Cosmetic Dentists
Health & Medical,Endodontists
Health & Medical,General Dentistry
Health & Medical,Oral Surgeons
Health & Medical,Orthodontists
Health & Medical,Pediatric Dentists
Health & Medical,Periodontists
Health & Medical,Diagnostic Services
Health & Medical,Diagnostic Imaging
Health & Medical,Laboratory Testing
Health & Medical,Dialysis Clinics
Health & Medical,Dietitians
Health & Medical,Doctors
Health & Medical,Addiction Medicine
Health & Medical,Allergists
Health & Medical,Anesthesiologists
Health & Medical,Audiologist
Health & Medical,Cardiologists
Health & Medical,Cosmetic Surgeons
Health & Medical,Dermatologists
Health & Medical,Ear Nose & Throat
Health & Medical,Emergency Medicine
Health & Medical,Endocrinologists
Health & Medical,Family Practice
Health & Medical,Fertility
Health & Medical,Gastroenterologist
Health & Medical,Geneticists
Health & Medical,Gerontologists
Health & Medical,Hepatologists
Health & Medical,Hospitalists
Health & Medical,Immunodermatologists
Health & Medical,Infectious Disease Specialists
Health & Medical,Internal Medicine
Health & Medical,Naturopathic/Holistic
Health & Medical,Nephrologists
Health & Medical,Neurologist
Health & Medical,Neuropathologists
Health & Medical,Neurotologists
Health & Medical,Obstetricians & Gynecologists
Health & Medical,Oncologist
Health & Medical,Ophthalmologists
Health & Medical,Retina Specialists
Health & Medical,Orthopedists
Health & Medical,Osteopathic Physicians
Health & Medical,Otologists
Health & Medical,Pain Management
Health & Medical,Pathologists
Health & Medical,Pediatricians
Health & Medical,Phlebologists
Health & Medical,Plastic Surgeons
Health & Medical,Podiatrists
Health & Medical,Preventive Medicine
Health & Medical,Proctologists
Health & Medical,Psychiatrists
Health & Medical,Pulmonologist
Health & Medical,Radiologists
Health & Medical,Rheumatologists
Health & Medical,Spine Surgeons
Health & Medical,Sports Medicine
Health & Medical,Surgeons
Health & Medical,Tattoo Removal
Health & Medical,Toxicologists
Health & Medical,Undersea/Hyperbaric Medicine
Health & Medical,Urologists
Health & Medical,Vascular Medicine
Health & Medical,Doulas
Health & Medical,Emergency Rooms
Health & Medical,Float Spa
Health & Medical,Habilitative Services
Health & Medical,Halfway Houses
Health & Medical,Halotherapy
Health & Medical,Health Coach
Health & Medical,Health Insurance Offices
Health & Medical,Hearing Aid Providers
Health & Medical,Herbal Shops
Health & Medical,Home Health Care
Health & Medical,Hospice
Health & Medical,Hospitals
Health & Medical,Hydrotherapy
Health & Medical,Hypnosis/Hypnotherapy
Health & Medical,IV Hydration
Health & Medical,Lactation Services
Health & Medical,Laser Eye Surgery/Lasik
Health & Medical,Lice Services
Health & Medical,Massage Therapy
Health & Medical,Medical Cannabis Referrals
Health & Medical,Medical Centers
Health & Medical,Walk-in Clinics
Health & Medical,Medical Spas
Health & Medical,Aestheticians
Health & Medical,Medical Transportation
Health & Medical,Memory Care
Health & Medical,Midwives
Health & Medical,Nurse Practitioner
Health & Medical,Nutritionists
Health & Medical,Occupational Therapy
Health & Medical,Optometrists
Health & Medical,Organ & Tissue Donor Services
Health & Medical,Orthotics
Health & Medical,Oxygen Bars
Health & Medical,Personal Care Services
Health & Medical,Pharmacy
Health & Medical,Physical Therapy
Health & Medical,Placenta Encapsulations
Health & Medical,Prenatal/Perinatal Care
Health & Medical,Prosthetics
Health & Medical,Prosthodontists
Health & Medical,Reflexology
Health & Medical,Rehabilitation Center
Health & Medical,Reiki
Health & Medical,Reproductive Health Services
Health & Medical,Retirement Homes
Health & Medical,Saunas
Health & Medical,Skilled Nursing
Health & Medical,Sleep Specialists
Health & Medical,Speech Therapists
Health & Medical,Sperm Clinic
Health & Medical,Traditional Chinese Medicine
Health & Medical,Tui Na
Health & Medical,Ultrasound Imaging Centers
Health & Medical,Urgent Care
Health & Medical,Weight Loss Centers
Home Services,Home Services
Home Services,Artificial Turf
Home Services,Building Supplies
Home Services,Cabinetry
Home Services,Carpenters
Home Services,Carpet Installation
Home Services,Carpeting
Home Services,Childproofing
Home Services,Chimney Sweeps
Home Services,Contractors
Home Services,Countertop Installation
Home Services,Damage Restoration
Home Services,Decks & Railing
Home Services,Demolition Services
Home Services,Door Sales/Installation
Home Services,Drywall Installation & Repair
Home Services,Electricians
Home Services,Excavation Services
Home Services,Fences & Gates
Home Services,Fire Protection Services
Home Services,Fireplace Services
Home Services,Firewood
Home Services,Flooring
Home Services,Foundation Repair
Home Services,Furniture Assembly
Home Services,Garage Door Services
Home Services,Gardeners
Home Services,Glass & Mirrors
Home Services,Grout Services
Home Services,Gutter Services
Home Services,Handyman
Home Services,Heating & Air Conditioning/HVAC
Home Services,Holiday Decorating Services
Home Services,Home Automation
Home Services,Home Cleaning
Home Services,Home Energy Auditors
Home Services,Home Inspectors
Home Services,Home Network Installation
Home Services,Home Organization
Home Services,Home Theatre Installation
Home Services,Home Window Tinting
Home Services,House Sitters
Home Services,Insulation Installation
Home Services,Interior Design
Home Services,Internet Service Providers
Home Services,Irrigation
Home Services,Keys & Locksmiths
Home Services,Landscape Architects
Home Services,Landscaping
Home Services,Lawn Services
Home Services,Lighting Fixtures & Equipment
Home Services,Masonry/Concrete
Home Services,Mobile Home Repair
Home Services,Movers
Home Services,Packing Services
Home Services,Painters
Home Services,Patio Coverings
Home Services,Plumbing
Home Services,Backflow Services
Home Services,Pool & Hot Tub Service
Home Services,Pool Cleaners
Home Services,Pressure Washers
Home Services,Real Estate
Home Services,Apartments
Home Services,Art Space Rentals
Home Services,Commercial Real Estate
Home Services,Condominiums
Home Services,Estate Liquidation
Home Services,Home Developers
Home Services,Home Staging
Home Services,Homeowner Association
Home Services,Housing Cooperatives
Home Services,Kitchen Incubators
Home Services,Mobile Home Dealers
Home Services,Mobile Home Parks
Home Services,Mortgage Brokers
Home Services,Property Management
Home Services,Real Estate Agents
Home Services,Apartment Agents
Home Services,Real Estate Services
Home Services,Land Surveying
Home Services,Real Estate Photography
Home Services,Shared Office Spaces
Home Services,University Housing
Home Services,Refinishing Services
Home Services,Roof Inspectors
Home Services,Roofing
Home Services,Sauna Installation & Repair
Home Services,Security Systems
Home Services,Shades & Blinds
Home Services,Shutters
Home Services,Siding
Home Services,Solar Installation
Home Services,Solar Panel Cleaning
Home Services,Structural Engineers
Home Services,Stucco Services
Home Services,Television Service Providers
Home Services,Tiling
Home Services,Tree Services
Home Services,Utilities
Home Services,Electricity Suppliers
Home Services,Natural Gas Suppliers
Home Services,Water Suppliers
Home Services,Wallpapering
Home Services,Water Heater Installation/Repair
Home Services,Water Purification Services
Home Services,Waterproofing
Home Services,Window Washing
Home Services,Windows Installation
Hotels & Travel,Hotels & Travel
Hotels & Travel,Airports
Hotels & Travel,Airport Terminals
Hotels & Travel,Bed & Breakfast
Hotels & Travel,Campgrounds
Hotels & Travel,Car Rental
Hotels & Travel,Guest Houses
Hotels & Travel,Health Retreats
Hotels & Travel,Hostels
Hotels & Travel,Hotels
Hotels & Travel,Mountain Huts
Hotels & Travel,Residences
Hotels & Travel,Rest Stops
Hotels & Travel,Motorcycle Rental
Hotels & Travel,RV Parks
Hotels & Travel,RV Rental
Hotels & Travel,Resorts
Hotels & Travel,Ski Resorts
Hotels & Travel,Tours
Hotels & Travel,Aerial Tours
Hotels & Travel,Architectural Tours
Hotels & Travel,Art Tours
Hotels & Travel,Beer Tours
Hotels & Travel,Bike tours
Hotels & Travel,Boat Tours
Hotels & Travel,Bus Tours
Hotels & Travel,Food Tours
Hotels & Travel,Historical Tours
Hotels & Travel,Scooter Tours
Hotels & Travel,Walking Tours
Hotels & Travel,Whale Watching Tours
Hotels & Travel,Wine Tours
Hotels & Travel,Train Stations
Hotels & Travel,Transportation
Hotels & Travel,Airlines
Hotels & Travel,Airport Shuttles
Hotels & Travel,Bike Sharing
Hotels & Travel,Bus Stations
Hotels & Travel,Buses
Hotels & Travel,Cable Cars
Hotels & Travel,Ferries
Hotels & Travel,Limos
Hotels & Travel,Metro Stations
Hotels & Travel,Pedicabs
Hotels & Travel,Private Jet Charter
Hotels & Travel,Public Transportation
Hotels & Travel,Taxis
Hotels & Travel,Town Car Service
Hotels & Travel,Trains
Hotels & Travel,Travel Services
Hotels & Travel,Luggage Storage
Hotels & Travel,Passport & Visa Services
Hotels & Travel,Travel Agents
Hotels & Travel,Visitor Centers
Hotels & Travel,Vacation Rental Agents
Hotels & Travel,Vacation Rentals
Local Flavor,Local Flavor
Local Flavor,Parklets
Local Flavor,Public Art
Local Flavor,Unofficial Yelp Events
Local Flavor,Yelp Events
Local Services,Local Services
Local Services,3D Printing
Local Services,Adoption Services
Local Services,Air Duct Cleaning
Local Services,Appliances & Repair
Local Services,Appraisal Services
Local Services,Art Installation
Local Services,Art Restoration
Local Services,Awnings
Local Services,Bail Bondsmen
Local Services,Bike Repair/Maintenance
Local Services,Biohazard Cleanup
Local Services,Bookbinding
Local Services,Bus Rental
Local Services,Calligraphy
Local Services,Carpet Cleaning
Local Services,Carpet Dyeing
Local Services,Child Care & Day Care
Local Services,Clock Repair
Local Services,Community Book Box
Local Services,Community Gardens
Local Services,Community Service/Non-Profit
Local Services,Food Banks
Local Services,Homeless Shelters
Local Services,Couriers & Delivery Services
Local Services,Crane Services
Local Services,Donation Center
Local Services,Elder Care Planning
Local Services,Electronics Repair
Local Services,Elevator Services
Local Services,Engraving
Local Services,Environmental Abatement
Local Services,Environmental Testing
Local Services,Farm Equipment Repair
Local Services,Fingerprinting
Local Services,Funeral Services & Cemeteries
Local Services,Cremation Services
Local Services,Mortuary Services
Local Services,Furniture Rental
Local Services,Furniture Repair
Local Services,Furniture Reupholstery
Local Services,Generator Installation/Repair
Local Services,Grill Services
Local Services,Gunsmith
Local Services,Hazardous Waste Disposal
Local Services,Hydro-jetting
Local Services,IT Services & Computer Repair
Local Services,Data Recovery
Local Services,Mobile Phone Repair
Local Services,Telecommunications
Local Services,Ice Delivery
Local Services,Jewelry Repair
Local Services,Junk Removal & Hauling
Local Services,Dumpster Rental
Local Services,Junkyards
Local Services,Knife Sharpening
Local Services,Laundry Services
Local Services,Dry Cleaning
Local Services,Laundromat
Local Services,Machine & Tool Rental
Local Services,Machine Shops
Local Services,Mailbox Centers
Local Services,Metal Detector Services
Local Services,Metal Fabricators
Local Services,Misting System Services
Local Services,Musical Instrument Services
Local Services,Guitar Stores
Local Services,Piano Services
Local Services,Piano Stores
Local Services,Vocal Coach
Local Services,Nanny Services
Local Services,Notaries
Local Services,Outdoor Power Equipment Services
Local Services,Pest Control
Local Services,Portable Toilet Services
Local Services,Powder Coating
Local Services,Printing Services
Local Services,Propane
Local Services,Recording & Rehearsal Studios
Local Services,Recycling Center
Local Services,Sandblasting
Local Services,Screen Printing
Local Services,Screen Printing/T-Shirt Printing
Local Services,Self Storage
Local Services,Septic Services
Local Services,Sewing & Alterations
Local Services,Shipping Centers
Local Services,Shoe Repair
Local Services,Shoe Shine
Local Services,Snow Removal
Local Services,Snuggle Services
Local Services,Stonemasons
Local Services,TV Mounting
Local Services,Watch Repair
Local Services,Water Delivery
Local Services,Well Drilling
Local Services,Wildlife Control
Mass media,Mass media
Mass media,Print Media
Mass media,Radio Stations
Mass media,Television Stations
Nightlife,Nightlife
Nightlife,Adult Entertainment
Nightlife,Strip Clubs
Nightlife,Striptease Dancers
Nightlife,Bar Crawl
Nightlife,Bars
Nightlife,Airport Lounges
Nightlife,Beer Bar
Nightlife,Champagne Bars
Nightlife,Cigar Bars
Nightlife,Cocktail Bars
Nightlife,Dive Bars
Nightlife,Drive-Thru Bars
Nightlife,Gay Bars
Nightlife,Hookah Bars
Nightlife,Irish Pub
Nightlife,Lounges
Nightlife,Pubs
Nightlife,Speakeasies
Nightlife,Sports Bars
Nightlife,Tiki Bars
Nightlife,Vermouth Bars
Nightlife,Whiskey Bars
Nightlife,Wine Bars
Nightlife,Beer Gardens
Nightlife,Club Crawl
Nightlife,Comedy Clubs
Nightlife,Country Dance Halls
Nightlife,Dance Clubs
Nightlife,Jazz & Blues
Nightlife,Karaoke
Nightlife,Music Venues
Nightlife,Piano Bars
Nightlife,Pool Halls
Pets,Pets
Pets,Animal Shelters
Pets,Horse Boarding
Pets,Pet Adoption
Pets,Pet Services
Pets,Animal Physical Therapy
Pets,Aquarium Services
Pets,Dog Walkers
Pets,Emergency Pet Hospital
Pets,Farriers
Pets,Holistic Animal Care
Pets,Pet Breeders
Pets,Pet Cremation Services
Pets,Pet Groomers
Pets,Pet Hospice
Pets,Pet Insurance
Pets,Pet Photography
Pets,Pet Sitting
Pets,Pet Boarding
Pets,Pet Training
Pets,Pet Transportation
Pets,Pet Waste Removal
Pets,Pet Stores
Pets,Bird Shops
Pets,Local Fish Stores
Pets,Reptile Shops
Pets,Veterinarians
Professional Services,Professional Services
Professional Services,Accountants
Professional Services,Advertising
Professional Services,Architects
Professional Services,Art Consultants
Professional Services,Billing Services
Professional Services,Boat Repair
Professional Services,Bookkeepers
Professional Services,Business Consulting
Professional Services,Career Counseling
Professional Services,Commissioned Artists
Professional Services,Customs Brokers
Professional Services,Digitizing Services
Professional Services,Duplication Services
Professional Services,Editorial Services
Professional Services,Employment Agencies
Professional Services,Feng Shui
Professional Services,Graphic Design
Professional Services,Indoor Landscaping
Professional Services,Internet Service Providers
Professional Services,Lawyers
Professional Services,Bankruptcy Law
Professional Services,Business Law
Professional Services,Consumer Law
Professional Services,Contract Law
Professional Services,Criminal Defense Law
Professional Services,DUI Law
Professional Services,Disability Law
Professional Services,Divorce & Family Law
Professional Services,Elder Law
Professional Services,Employment Law
Professional Services,Entertainment Law
Professional Services,Estate Planning Law
Professional Services," Wills, Trusts, & Probates"
Professional Services,General Litigation
Professional Services,IP & Internet Law
Professional Services,Immigration Law
Professional Services,Medical Law
Professional Services,Personal Injury Law
Professional Services,Real Estate Law
Professional Services,Social Security Law
Professional Services,Tax Law
Professional Services,Traffic Ticketing Law
Professional Services,Workers Compensation Law
Professional Services,Legal Services
Professional Services,Court Reporters
Professional Services,Process Servers
Professional Services,Life Coach
Professional Services,Marketing
Professional Services,Matchmakers
Professional Services,Mediators
Professional Services,Music Production Services
Professional Services,Office Cleaning
Professional Services,Patent Law
Professional Services,Payroll Services
Professional Services,Personal Assistants
Professional Services,Private Investigation
Professional Services,Product Design
Professional Services,Public Adjusters
Professional Services,Public Relations
Professional Services,Security Services
Professional Services,Shredding Services
Professional Services,Signmaking
Professional Services,Software Development
Professional Services,Talent Agencies
Professional Services,Taxidermy
Professional Services,Tenant and Eviction Law
Professional Services,Translation Services
Professional Services,Video/Film Production
Professional Services,Web Design
Professional Services,Wholesalers
Professional Services,Restaurant Supplies
Public Services & Government,Public Services & Government
Public Services & Government,Civic Center
Public Services & Government,Community Centers
Public Services & Government,Courthouses
Public Services & Government,Departments of Motor Vehicles
Public Services & Government,Embassy
Public Services & Government,Fire Departments
Public Services & Government,Jails & Prisons
Public Services & Government,Landmarks & Historical Buildings
Public Services & Government,Libraries
Public Services & Government,Municipality
Public Services & Government,Police Departments
Public Services & Government,Post Offices
Public Services & Government,Town Hall
Real Estate,Real Estate
Real Estate,Apartments
Real Estate,Art Space Rentals
Real Estate,Commercial Real Estate
Real Estate,Condominiums
Real Estate,Estate Liquidation
Real Estate,Home Developers
Real Estate,Home Staging
Real Estate,Homeowner Association
Real Estate,Housing Cooperatives
Real Estate,Kitchen Incubators
Real Estate,Mobile Home Dealers
Real Estate,Mobile Home Parks
Real Estate,Mortgage Brokers
Real Estate,Property Management
Real Estate,Real Estate Agents
Real Estate,Apartment Agents
Real Estate,Real Estate Services
Real Estate,Land Surveying
Real Estate,Real Estate Photography
Real Estate,Shared Office Spaces
Real Estate,University Housing
Religious Organizations,Religious Organizations
Religious Organizations,Buddhist Temples
Religious Organizations,Churches
Religious Organizations,Hindu Temples
Religious Organizations,Mosques
Religious Organizations,Sikh Temples
Religious Organizations,Synagogues
Restaurants,Restaurants
Restaurants,Afghan
Restaurants,African
Restaurants,Senegalese
Restaurants,South African
Restaurants,American New
Restaurants,American Traditional
Restaurants,Arabian
Restaurants,Argentine
Restaurants,Armenian
Restaurants,Asian Fusion
Restaurants,Australian
Restaurants,Austrian
Restaurants,Bangladeshi
Restaurants,Barbeque
Restaurants,Basque
Restaurants,Belgian
Restaurants,Brasseries
Restaurants,Brazilian
Restaurants,Breakfast & Brunch
Restaurants,Pancakes
Restaurants,British
Restaurants,Buffets
Restaurants,Bulgarian
Restaurants,Burgers
Restaurants,Burmese
Restaurants,Cafes
Restaurants,Themed Cafes
Restaurants,Cafeteria
Restaurants,Cajun/Creole
Restaurants,Cambodian
Restaurants,Canadian new
Restaurants,Caribbean
Restaurants,Dominican
Restaurants,Haitian
Restaurants,Puerto Rican
Restaurants,Trinidadian
Restaurants,Catalan
Restaurants,Cheesesteaks
Restaurants,Chicken Shop
Restaurants,Chicken Wings
Restaurants,Chinese
Restaurants,Cantonese
Restaurants,Dim Sum
Restaurants,Hainan
Restaurants,Shanghainese
Restaurants,Szechuan
Restaurants,Comfort Food
Restaurants,Creperies
Restaurants,Cuban
Restaurants,Czech
Restaurants,Delis
Restaurants,Diners
Restaurants,Dinner Theater
Restaurants,Eritrean
Restaurants,Ethiopian
Restaurants,Fast Food
Restaurants,Filipino
Restaurants,Fish & Chips
Restaurants,Fondue
Restaurants,Food Court
Restaurants,Food Stands
Restaurants,French
Restaurants,Mauritius
Restaurants,Reunion
Restaurants,Game Meat
Restaurants,Gastropubs
Restaurants,Georgian
Restaurants,German
Restaurants,Gluten-Free
Restaurants,Greek
Restaurants,Guamanian
Restaurants,Halal
Restaurants,Hawaiian
Restaurants,Himalayan/Nepalese
Restaurants,Honduran
Restaurants,Hong Kong Style Cafe
Restaurants,Hot Dogs
Restaurants,Hot Pot
Restaurants,Hungarian
Restaurants,Iberian
Restaurants,Indian
Restaurants,Indonesian
Restaurants,Irish
Restaurants,Italian
Restaurants,Calabrian
Restaurants,Sardinian
Restaurants,Sicilian
Restaurants,Tuscan
Restaurants,Japanese
Restaurants,Conveyor Belt Sushi
Restaurants,Izakaya
Restaurants,Japanese Curry
Restaurants,Ramen
Restaurants,Teppanyaki
Restaurants,Kebab
Restaurants,Korean
Restaurants,Kosher
Restaurants,Laotian
Restaurants,Latin American
Restaurants,Colombian
Restaurants,Salvadoran
Restaurants,Venezuelan
Restaurants,Live/Raw Food
Restaurants,Malaysian
Restaurants,Mediterranean
Restaurants,Falafel
Restaurants,Mexican
Restaurants,Tacos
Restaurants,Middle Eastern
Restaurants,Egyptian
Restaurants,Lebanese
Restaurants,Modern European
Restaurants,Mongolian
Restaurants,Moroccan
Restaurants,New Mexican Cuisine
Restaurants,Nicaraguan
Restaurants,Noodles
Restaurants,Pakistani
Restaurants,Pan Asian
Restaurants,Persian/Iranian
Restaurants,Peruvian
Restaurants,Pizza
Restaurants,Polish
Restaurants,Polynesian
Restaurants,Pop-Up Restaurants
Restaurants,Portuguese
Restaurants,Poutineries
Restaurants,Russian
Restaurants,Salad
Restaurants,Sandwiches
Restaurants,Scandinavian
Restaurants,Scottish
Restaurants,Seafood
Restaurants,Singaporean
Restaurants,Slovakian
Restaurants,Somali
Restaurants,Soul Food
Restaurants,Soup
Restaurants,Southern
Restaurants,Spanish
Restaurants,Sri Lankan
Restaurants,Steakhouses
Restaurants,Supper Clubs
Restaurants,Sushi Bars
Restaurants,Syrian
Restaurants,Taiwanese
Restaurants,Tapas Bars
Restaurants,Tapas/Small Plates
Restaurants,Tex-Mex
Restaurants,Thai
Restaurants,Turkish
Restaurants,Ukrainian
Restaurants,Uzbek
Restaurants,Vegan
Restaurants,Vegetarian
Restaurants,Vietnamese
Restaurants,Waffles
Restaurants,Wraps
Shopping,Shopping
Shopping,Adult
Shopping,Antiques
Shopping,Art Galleries
Shopping,Arts & Crafts
Shopping,Art Supplies
Shopping,Cards & Stationery
Shopping,Cooking Classes
Shopping,Costumes
Shopping,Embroidery & Crochet
Shopping,Fabric Stores
Shopping,Framing
Shopping,Paint-Your-Own Pottery
Shopping,Auction Houses
Shopping,Baby Gear & Furniture
Shopping,Battery Stores
Shopping,Bespoke Clothing
Shopping,Books
Shopping,Mags
Shopping,Music & Video
Shopping,Bookstores
Shopping,Comic Books
Shopping,Music & DVDs
Shopping,Newspapers & Magazines
Shopping,Video Game Stores
Shopping,Videos & Video Game Rental
Shopping,Vinyl Records
Shopping,Brewing Supplies
Shopping,Bridal
Shopping,Cannabis Dispensaries
Shopping,Computers
Shopping,Cosmetics & Beauty Supply
Shopping,Customized Merchandise
Shopping,Department Stores
Shopping,Diamond Buyers
Shopping,Discount Store
Shopping,Drones
Shopping,Drugstores
Shopping,Duty-Free Shops
Shopping,Electronics
Shopping,Eyewear & Opticians
Shopping,Sunglasses
Shopping,Farming Equipment
Shopping,Fashion
Shopping,Accessories
Shopping,Ceremonial Clothing
Shopping,Children's Clothing
Shopping,Clothing Rental
Shopping,Department Stores
Shopping,Formal Wear
Shopping,Fur Clothing
Shopping,Hats
Shopping,Leather Goods
Shopping,Lingerie
Shopping,Maternity Wear
Shopping,Men's Clothing
Shopping,Plus Size Fashion
Shopping,Shoe Stores
Shopping,Sports Wear
Shopping,Dance Wear
Shopping,Surf Shop
Shopping,Swimwear
Shopping,Traditional Clothing
Shopping,Used
Shopping,Vintage & Consignment
Shopping,Women's Clothing
Shopping,Fireworks
Shopping,Fitness/Exercise Equipment
Shopping,Flea Markets
Shopping,Flowers & Gifts
Shopping,Cards & Stationery
Shopping,Florists
Shopping,Gift Shops
Shopping,Gemstones & Minerals
Shopping,Gold Buyers
Shopping,Guns & Ammo
Shopping,Head Shops
Shopping,High Fidelity Audio Equipment
Shopping,Hobby Shops
Shopping,Home & Garden
Shopping,Appliances
Shopping,Candle Stores
Shopping,Christmas Trees
Shopping,Furniture Stores
Shopping,Grilling Equipment
Shopping,Hardware Stores
Shopping,Holiday Decorations
Shopping,Home Decor
Shopping,Hot Tub & Pool
Shopping,Kitchen & Bath
Shopping,Kitchen Supplies
Shopping,Lighting Stores
Shopping,Mattresses
Shopping,Nurseries & Gardening
Shopping,Hydroponics
Shopping,Outdoor Furniture Stores
Shopping,Paint Stores
Shopping,Playsets
Shopping,Pumpkin Patches
Shopping,Rugs
Shopping,Sheds & Outdoor Storage
Shopping,Tableware
Shopping,Horse Equipment Shops
Shopping,Jewelry
Shopping,Knitting Supplies
Shopping,Livestock Feed & Supply
Shopping,Luggage
Shopping,Medical Supplies
Shopping,Military Surplus
Shopping,Mobile Phone Accessories
Shopping,Mobile Phones
Shopping,Motorcycle Gear
Shopping,Musical Instruments & Teachers
Shopping,Office Equipment
Shopping,Outlet Stores
Shopping,Packing Supplies
Shopping,Pawn Shops
Shopping,Perfume
Shopping,Personal Shopping
Shopping,Photography Stores & Services
Shopping,Pool & Billiards
Shopping,Pop-up Shops
Shopping,Props
Shopping,Public Markets
Shopping,Religious Items
Shopping,Safe Stores
Shopping,Safety Equipment
Shopping,Shopping Centers
Shopping,Souvenir Shops
Shopping,Spiritual Shop
Shopping,Sporting Goods
Shopping,Bikes
Shopping,Dive Shops
Shopping,Golf Equipment
Shopping,Hockey Equipment
Shopping,Hunting & Fishing Supplies
Shopping,Outdoor Gear
Shopping,Skate Shops
Shopping,Ski & Snowboard Shops
Shopping,Sports Wear
Shopping,Dance Wear
Shopping,Tabletop Games
Shopping,Teacher Supplies
Shopping,Thrift Stores
Shopping,Tobacco Shops
Shopping,Toy Stores
Shopping,Trophy Shops
Shopping,Uniforms
Shopping,Used Bookstore
Shopping,Vape Shops
Shopping,Vitamins & Supplements
Shopping,Watches
Shopping,Wholesale Stores
Shopping,Wigs
